{"criteriaMatrix":[[1.0,0.2],[5.0,1.0]],"candidatesMatrix":[[[1.0,0.5,0.2],[2.0,1.0,0.5],[5.0,2.0,1.0]],[[1.0,2.0,3.0],[0.5,1.0,1.5],[0.33333333,0.6666666666,1.0]]]}
