{"criteriaMatrix":[[1.0,9.0,5.0,7.0,4.0,3.0],[0.11111111,1.0,0.2,0.33333333,0.1666666,0.14285714],[0.2,5.0,1.0,3.0,0.5,0.333333333],[0.142857,3.0,0.3333333,1.0,0.25,0.2],[0.25,6.0,2.0,4.0,1.0,0.5],[0.33333333,7.0,3.0,5.0,2.0,1.0]],"candidatesMatrix":[[[1.0,7.0,0.5,8.0],[0.142857,1.0,0.125,2.0],[2.0,8.0,1.0,9.0],[0.125,0.5,0.11111111111111,1.0]],[[1.0,4.0,0.166666666666,1.0],[0.25,1.0,0.111111111,0.25],[6.0,9.0,1.0,6.0],[1.0,4.0,0.166666666666,1.0]],[[1.0,0.2,3.0,0.142857],[5.0,1.0,7.0,0.3333333333],[0.33333333,0.142857,1.0,0.1111111111],[7.0,3.0,9.0,1.0]],[[1.0,5.0,0.2,0.2],[0.2,1.0,0.1111111,0.1111111],[5.0,9.0,1.0,1.0],[5.0,9.0,1.0,1.0]],[[1.0,5.0,7.0,1.0],[0.2,1.0,3.0,0.2],[0.142857,0.333333,1.0,0.142857],[1.0,5.0,7.0,1.0]],[[1.0,0.2,3.0,0.142857],[5.0,1.0,7.0,0.33333333],[0.3333333,0.142857,1.0,0.111111111],[7.0,3.0,9.0,1.0]]]}

