{"criteriaMatrix":[[1.0,3.0,1.0,0.5,5.0],[0.3333333,1.0,0.25,0.142857,2.0],[1.0,4.0,1.0,1.0,6.0],[2.0,7.0,1.0,1.0,8.0],[0.2,0.5,0.16666666,0.125,1.0]],"candidatesMatrix":[[[1.0,4.0,0.5],[0.25,1.0,0.2],[2.0,5.0,1.0]],[[1.0,0.5,3.0],[2.0,1.0,4.0],[0.3333333,0.25,1.0]],[[1.0,1.0,2.0],[1.0,1.0,3.0],[0.5,0.3333333,1.0]],[[1.0,0.333333,4.0],[3.0,1.0,5.0],[0.25,0.2,1.0]],[[1.0,2.0,0.2],[0.5,1.0,0.1666666666],[5.0,6.0,1.0]]]}
