{"criteriaMatrix":[[1.0,2.0,0.25],[0.5,1.0,0.2],[4.0,5.0,1.0]],"candidatesMatrix":[[[1.0,3.0,4.0],[0.333333333,1.0,0.2],[0.25,5.0,1.0]],[[1.0,0.3333333,2.0],[3.0,1.0,0.5],[0.5,2.0,1.0]],[[1.0,0.5,1.0],[2.0,1.0,0.5],[1.0,2.0,1.0]]]}
